"Symbol","Name","LastSale","MarketCap","ADR TSO","IPOyear","Sector","Industry","Summary Quote",
"XXII","22nd Century Group, Inc","2.57","317559780.69","n/a","n/a","Consumer Non-Durables","Farming/Seeds/Milling","https://www.nasdaq.com/symbol/xxii",
"FAX","Aberdeen Asia-Pacific Income Fund Inc","4.75","1197621414","n/a","1986","n/a","n/a","https://www.nasdaq.com/symbol/fax",
"IAF","Aberdeen Australia Equity Fund Inc","6.63","150781621.38","n/a","n/a","n/a","n/a","https://www.nasdaq.com/symbol/iaf",
"CH","Aberdeen Chile Fund, Inc.","9.12","85342132.8","n/a","n/a","n/a","n/a","https://www.nasdaq.com/symbol/ch",
"ABE           ","Aberdeen Emerging Markets Smaller Company Opportunities Fund I","15.2","144169157.6","n/a","n/a","n/a","n/a","https://www.nasdaq.com/symbol/abe",
"FCO","Aberdeen Global Income Fund, Inc.","8.61","75120433.29","n/a","1992","n/a","n/a","https://www.nasdaq.com/symbol/fco",
"IF","Aberdeen Indonesia Fund, Inc.","7.66","70910190.3","n/a","1990","n/a","n/a","https://www.nasdaq.com/symbol/if",
"ISL","Aberdeen Israel Fund, Inc.","20.1285","79416352.638","n/a","1992","n/a","n/a","https://www.nasdaq.com/symbol/isl",
"ACU","Acme United Corporation.","21.55","72711014.55","n/a","1988","Capital Goods","Industrial Machinery/Components","https://www.nasdaq.com/symbol/acu",
"ATNM","Actinium Pharmaceuticals, Inc.","0.435","34831711.5","n/a","n/a","Health Care","Major Pharmaceuticals","https://www.nasdaq.com/symbol/atnm",
"AE","Adams Resources & Energy, Inc.","42.27","178277782.92","n/a","n/a","Energy","Oil Refining/Marketing","https://www.nasdaq.com/symbol/ae",
"ACY","AeroCentury Corp.","14.6","20683805.4","n/a","n/a","Technology","Diversified Commercial Services","https://www.nasdaq.com/symbol/acy",
"AIRI","Air Industries Group","1.35","33561298.35","n/a","n/a","Capital Goods","Military/Government/Technical","https://www.nasdaq.com/symbol/airi",
"AXU","Alexco Resource Corp","1.43","144851921.5","n/a","n/a","Basic Industries","Precious Metals","https://www.nasdaq.com/symbol/axu",
"ALO","Alio Gold Inc.","2.67","119292131.67","n/a","2011","Basic Industries","Precious Metals","https://www.nasdaq.com/symbol/alo",
"AAU","Almaden Minerals, Ltd.","0.87","88913673.75","n/a","2015","Basic Industries","Precious Metals","https://www.nasdaq.com/symbol/aau",
"APT","Alpha Pro Tech, Ltd.","3.55","53802106.65","n/a","n/a","Health Care","Industrial Specialties","https://www.nasdaq.com/symbol/apt",
"AAMC","Altisource Asset Management Corp","65.2","104439642","n/a","n/a","Finance","Real Estate","https://www.nasdaq.com/symbol/aamc",
"DIT","AMCON Distributing Company","96.3","66493801.8","n/a","n/a","Consumer Non-Durables","Food Distributors","https://www.nasdaq.com/symbol/dit",
"ALN","American Lorain Corporation","0.205","7846241.135","n/a","n/a","Consumer Non-Durables","Packaged Foods","https://www.nasdaq.com/symbol/aln",
"AMS","American Shared Hospital Services","2.55","14560500","n/a","n/a","Health Care","Medical Specialities","https://www.nasdaq.com/symbol/ams",
"USAS","Americas Silver Corporation","3.51","145761981.3","n/a","2017","Basic Industries","Precious Metals","https://www.nasdaq.com/symbol/usas",
"AMPE","Ampio Pharmaceuticals, Inc.","2.42","183779177.78","n/a","n/a","Health Care","Major Pharmaceuticals","https://www.nasdaq.com/symbol/ampe",
"APHB","AmpliPhi Biosciences Corporation","1.47","19843424.16","n/a","n/a","Health Care","Biotechnology: Biological Products (No Diagnostic Substances)","https://www.nasdaq.com/symbol/aphb",
"ARNC^","Arconic Inc.","89.15","0","n/a","n/a","n/a","n/a","https://www.nasdaq.com/symbol/arnc^",
"AKG","Asanko Gold Inc.","0.8868","180419421.8676","n/a","n/a","Basic Industries","Mining & Quarrying of Nonmetallic Minerals (No Fuels)","https://www.nasdaq.com/symbol/akg",
"AINC","Ashford Inc.","95","198808495","n/a","2014","Consumer Services","Professional Services","https://www.nasdaq.com/symbol/ainc",
"ASB.WS","Associated Banc-Corp","n/a","0","n/a","n/a","n/a","n/a","https://www.nasdaq.com/symbol/asb.ws",
"AST","Asterias Biotherapeutics, Inc.","2","108302284","n/a","n/a","Health Care","Biotechnology: Biological Products (No Diagnostic Substances)","https://www.nasdaq.com/symbol/ast",
"AUG","Auryn Resources Inc.","1.41","111039234.3","n/a","n/a","Basic Industries","Precious Metals","https://www.nasdaq.com/symbol/aug",
"AWX","Avalon Holdings Corporation","2.13","8101095.03","n/a","n/a","Public Utilities","Environmental Services","https://www.nasdaq.com/symbol/awx",
"ASM","Avino Silver","1.34","70642325.02","n/a","n/a","Basic Industries","Precious Metals","https://www.nasdaq.com/symbol/asm",
"BTG","B2Gold Corp","2.99","2935924061.98","n/a","n/a","Basic Industries","Precious Metals","https://www.nasdaq.com/symbol/btg",
"BTN","Ballantyne Strong, Inc","5.2","74963408","n/a","n/a","Miscellaneous","Industrial Machinery/Components","https://www.nasdaq.com/symbol/btn",
"BKJ","Bancorp of New Jersey, Inc","16.35","112405269","n/a","n/a","Finance","Major Banks","https://www.nasdaq.com/symbol/bkj",
"BCV","Bancroft Fund Limited","21.63","113555337","n/a","n/a","n/a","n/a","https://www.nasdaq.com/symbol/bcv",
"BCV^A","Bancroft Fund Limited","25.5","0","n/a","n/a","n/a","n/a","https://www.nasdaq.com/symbol/bcv^a",
"BHB","Bar Harbor Bankshares, Inc.","28.47","439662210","n/a","n/a","Finance","Major Banks","https://www.nasdaq.com/symbol/bhb",
"BRN","Barnwell Industries, Inc.","1.94","16057690.4","n/a","n/a","Energy","Oil & Gas Production","https://www.nasdaq.com/symbol/brn",
"BGSF","BG Staffing Inc","16.66","145931204.16","n/a","n/a","Technology","Professional Services","https://www.nasdaq.com/symbol/bgsf",
"BPMX","BioPharmX Corporation","0.3445","43926829.141","n/a","2015","Health Care","Major Pharmaceuticals","https://www.nasdaq.com/symbol/bpmx",
"BTX","BioTime, Inc.","2.66","337462618.36","n/a","n/a","Health Care","Biotechnology: Biological Products (No Diagnostic Substances)","https://www.nasdaq.com/symbol/btx",
"BTX.WS","BioTime, Inc.","n/a","0","n/a","n/a","n/a","n/a","https://www.nasdaq.com/symbol/btx.ws",
"BGI","Birks Group Inc.","1.23","22091883.63","n/a","n/a","Consumer Services","Consumer Specialties","https://www.nasdaq.com/symbol/bgi",
"BZM","BlackRock Maryland Municipal Bond Trust","13.2599","27570792.9339","n/a","2002","n/a","n/a","https://www.nasdaq.com/symbol/bzm",
"MHE","BlackRock Massachusetts Tax-Exempt Trust","13.6472","32307125.7376","n/a","1993","n/a","n/a","https://www.nasdaq.com/symbol/mhe",
"BLE","BlackRock Municipal Income Trust II","13.55","318429457.95","n/a","2002","n/a","n/a","https://www.nasdaq.com/symbol/ble",
"BLJ","Blackrock New Jersey Municipal Bond Trust","13.8201","32172101.0121","n/a","2002","n/a","n/a","https://www.nasdaq.com/symbol/blj",
"BFY","BlackRock New York Municipal Income Trust II","13.5","67562761.5","n/a","2002","n/a","n/a","https://www.nasdaq.com/symbol/bfy",
"BHV","BlackRock Virginia Municipal Bond Trust","16.212","25952153.388","n/a","2002","n/a","n/a","https://www.nasdaq.com/symbol/bhv",
"BDR","Blonder Tongue Laboratories, Inc.","0.6139","4985994.5065","n/a","n/a","Technology","Radio And Television Broadcasting And Communications Equipment","https://www.nasdaq.com/symbol/bdr",
"BRG","Bluerock Residential Growth REIT, Inc.","8.11","197032141.82","n/a","2014","Consumer Services","Real Estate Investment Trusts","https://www.nasdaq.com/symbol/brg",
"BRG^A","Bluerock Residential Growth REIT, Inc.","25.07","0","n/a","n/a","n/a","n/a","https://www.nasdaq.com/symbol/brg^a",
"BRG^C","Bluerock Residential Growth REIT, Inc.","23.8001","0","n/a","n/a","n/a","n/a","https://www.nasdaq.com/symbol/brg^c",
"BRG^D","Bluerock Residential Growth REIT, Inc.","21.52","0","n/a","n/a","n/a","n/a","https://www.nasdaq.com/symbol/brg^d",
"BVX","Bovie Medical Corporation","2.49","81823354.65","n/a","n/a","Health Care","Medical/Dental Instruments","https://www.nasdaq.com/symbol/bvx",
"BWL.A","Bowl America, Inc.","n/a","0","n/a","n/a","n/a","n/a","https://www.nasdaq.com/symbol/bwl.a",
"CMCL","Caledonia Mining Corporation Plc","7.2","76342701.6","n/a","n/a","Basic Industries","Precious Metals","https://www.nasdaq.com/symbol/cmcl",
"CEI","Camber Energy, Inc.","1.64","6111355.04","n/a","n/a","Energy","Oil & Gas Production","https://www.nasdaq.com/symbol/cei",
"CANF","Can-Fite Biopharma Ltd","1.89","30910855.5","n/a","n/a","Health Care","Major Pharmaceuticals","https://www.nasdaq.com/symbol/canf",
"ROX","Castle Brands, Inc.","1.19","197708787.22","n/a","2006","Consumer Non-Durables","Beverages (Production/Distribution)","https://www.nasdaq.com/symbol/rox",
"CAW","CCA Industries, Inc.","3.15","23488554.6","n/a","n/a","Consumer Non-Durables","Package Goods/Cosmetics","https://www.nasdaq.com/symbol/caw",
"CVM","Cel-Sci Corporation","1.85","30712884.15","n/a","n/a","Health Care","Biotechnology: Biological Products (No Diagnostic Substances)","https://www.nasdaq.com/symbol/cvm",
"CVM.WS","Cel-Sci Corporation","n/a","0","n/a","n/a","n/a","n/a","https://www.nasdaq.com/symbol/cvm.ws",
"CET","Central Securities Corporation","27.61","685035326.91","n/a","n/a","n/a","n/a","https://www.nasdaq.com/symbol/cet",
"LEU","Centrus Energy Corp.","3.52","31816403.52","n/a","2014","Basic Industries","Mining & Quarrying of Nonmetallic Minerals (No Fuels)","https://www.nasdaq.com/symbol/leu",
"CCF","Chase Corporation","111.05","1041075982","n/a","n/a","Consumer Durables","Building Products","https://www.nasdaq.com/symbol/ccf",
"CQH","Cheniere Energy Partners LP Holdings, LLC","27.89","6462113000","n/a","2013","Public Utilities","Oil/Gas Transmission","https://www.nasdaq.com/symbol/cqh",
"CQP","Cheniere Energy Partners, LP","30.42","14723375001.66","n/a","2007","Public Utilities","Oil/Gas Transmission","https://www.nasdaq.com/symbol/cqp",
"LNG","Cheniere Energy, Inc.","54.7","12999821216.5","n/a","n/a","Public Utilities","Oil/Gas Transmission","https://www.nasdaq.com/symbol/lng",
"CVR","Chicago Rivet & Machine Co.","30.92","29872801.44","n/a","n/a","Technology","Industrial Machinery/Components","https://www.nasdaq.com/symbol/cvr",
"CPHI","China Pharma Holdings, Inc.","0.3952","17222640.9264","n/a","n/a","Health Care","Major Pharmaceuticals","https://www.nasdaq.com/symbol/cphi",
"CISN.WS","Cision Ltd.","n/a","0","n/a","n/a","n/a","n/a","https://www.nasdaq.com/symbol/cisn.ws",
"CKX","CKX Lands, Inc.","10.388","20178638.06","n/a","n/a","Energy","Oil & Gas Production","https://www.nasdaq.com/symbol/ckx",
"GLV","Clough Global Dividend and Income Fund","12.91","90453101.67","n/a","2004","n/a","n/a","https://www.nasdaq.com/symbol/glv",
"GLQ","Clough Global Equity Fund","13.54","149287856.14","n/a","2005","n/a","n/a","https://www.nasdaq.com/symbol/glq",
"GLO","Clough Global Opportunities Fund","11.01","354790776.12","n/a","2006","n/a","n/a","https://www.nasdaq.com/symbol/glo",
"COHN","Cohen & Company Inc.","10.7501","13532591.3834","n/a","n/a","Finance","Investment Bankers/Brokers/Service","https://www.nasdaq.com/symbol/cohn",
"MOC","Command Security Corporation","3.15","31837390.2","n/a","n/a","Consumer Services","Diversified Commercial Services","https://www.nasdaq.com/symbol/moc",
"CIX","CompX International Inc.","13.95","173344192.65","n/a","1998","Capital Goods","Industrial Machinery/Components","https://www.nasdaq.com/symbol/cix",
"LODE","Comstock Mining, Inc.","0.31","15413908.35","n/a","n/a","Basic Industries","Precious Metals","https://www.nasdaq.com/symbol/lode",
"CDOR","Condor Hospitality Trust, Inc.","10.25","121294123.25","n/a","n/a","Consumer Services","Real Estate Investment Trusts","https://www.nasdaq.com/symbol/cdor",
"CTO","Consolidated-Tomoka Land Co.","64.21","359257518.4","n/a","n/a","Finance","Real Estate","https://www.nasdaq.com/symbol/cto",
"MCF","Contango Oil & Gas Company","3.45","88008782.4","n/a","n/a","Energy","Oil & Gas Production","https://www.nasdaq.com/symbol/mcf",
"CUO","Continental Materials Corporation","19.4037","32640263.8179","n/a","n/a","Capital Goods","Building Materials","https://www.nasdaq.com/symbol/cuo",
"CMT","Core Molding Technologies Inc","18.41","144562168.52","n/a","n/a","Consumer Non-Durables","Plastic Products","https://www.nasdaq.com/symbol/cmt",
"CVRS","Corindus Vascular Robotics, Inc.","1.21","228330531.99","n/a","2015","Health Care","Medical/Dental Instruments","https://www.nasdaq.com/symbol/cvrs",
"CRMD","CorMedix Inc","0.29","19437371.51","n/a","n/a","Health Care","Major Pharmaceuticals","https://www.nasdaq.com/symbol/crmd",
"CRF","Cornerstone Strategic Return Fund, Inc. (The)","15.55","346663862.8","n/a","n/a","n/a","n/a","https://www.nasdaq.com/symbol/crf",
"CLM","Cornerstone Strategic Value Fund, Inc.","15.54","684129463.5","n/a","1987","n/a","n/a","https://www.nasdaq.com/symbol/clm",
"CVU","CPI Aerostructures, Inc.","8.1","71773986.6","n/a","n/a","Capital Goods","Military/Government/Technical","https://www.nasdaq.com/symbol/cvu",
"CIK","Credit Suisse Asset Management Income Fund, Inc.","3.27","170994071.55","n/a","n/a","n/a","n/a","https://www.nasdaq.com/symbol/cik",
"DHY","Credit Suisse High Yield Bond Fund","2.69","269125442.77","n/a","1998","n/a","n/a","https://www.nasdaq.com/symbol/dhy",
"CRHM","CRH Medical Corporation","3.25","236814461","n/a","2015","Health Care","Medical/Dental Instruments","https://www.nasdaq.com/symbol/crhm",
"CRVP","Crystal Rock Holdings, Inc.","0.963","20568149.793","n/a","n/a","Consumer Non-Durables","Food Distributors","https://www.nasdaq.com/symbol/crvp",
"CTEK","CynergisTek, Inc.","5","47508800","n/a","2017","Miscellaneous","Business Services","https://www.nasdaq.com/symbol/ctek",
"DXR","Daxor Corporation","3.608","13677040.432","n/a","n/a","Health Care","Medical/Dental Instruments","https://www.nasdaq.com/symbol/dxr",
"VCF","Delaware Investments Colorado Municipal Income Fund, Inc","14.439","69842886.9","n/a","1993","n/a","n/a","https://www.nasdaq.com/symbol/vcf",
"VFL","Delaware Investments Florida Insured Municipal Income Fund","12.75","57737648.25","n/a","1993","n/a","n/a","https://www.nasdaq.com/symbol/vfl",
"VMM","Delaware Investments Minnesota Municipal Income Fund II, Inc.","12.9204","148648878.99","n/a","1993","n/a","n/a","https://www.nasdaq.com/symbol/vmm",
"DLA","Delta Apparel, Inc.","18.22","131391234.28","n/a","n/a","Consumer Non-Durables","Apparel","https://www.nasdaq.com/symbol/dla",
"DNN","Denison Mine Corp","0.4798","268296103.6782","n/a","n/a","Basic Industries","Precious Metals","https://www.nasdaq.com/symbol/dnn",
"DGSE","DGSE Companies, Inc.","0.91","24518249.21","n/a","n/a","Consumer Services","Consumer Specialties","https://www.nasdaq.com/symbol/dgse",
"DSS","Document Security Systems, Inc.","1.11","18247652.97","n/a","n/a","Consumer Durables","Containers/Packaging","https://www.nasdaq.com/symbol/dss",
"DPW","DPW Holdings, Inc.","1.38","47864731.44","n/a","n/a","Capital Goods","Industrial Machinery/Components","https://www.nasdaq.com/symbol/dpw",
"DMF","Dreyfus Municipal Income, Inc.","8.15","169082190.15","n/a","1988","n/a","n/a","https://www.nasdaq.com/symbol/dmf",
"DXF","Dunxin Financial Holdings Limited","4.66","22107492.02","n/a","n/a","n/a","n/a","https://www.nasdaq.com/symbol/dxf",
"GRF","Eagle Capital Growth Fund, Inc.","7.8199","28065441.2423","n/a","n/a","n/a","n/a","https://www.nasdaq.com/symbol/grf",
"EVM","Eaton Vance California Municipal Bond Fund","10.54","225496427.92","n/a","2002","n/a","n/a","https://www.nasdaq.com/symbol/evm",
"EIA","Eaton Vance California Municipal Bond Fund II","10.86","42205826.16","n/a","2002","n/a","n/a","https://www.nasdaq.com/symbol/eia",
"CEV","Eaton Vance California Municipal Income Trust","11.55","83790341.25","n/a","1999","n/a","n/a","https://www.nasdaq.com/symbol/cev",
"EVV","Eaton Vance Limited Duration Income Fund","13.13","1525010346.34","n/a","2003","n/a","n/a","https://www.nasdaq.com/symbol/evv",
"MAB","Eaton Vance Massachusetts Municipal Bond Fund","12.7","22460127.8","n/a","2002","n/a","n/a","https://www.nasdaq.com/symbol/mab",
"MMV","Eaton Vance Massachusetts Municipal Income Trust","12.47","34130651.87","n/a","1999","n/a","n/a","https://www.nasdaq.com/symbol/mmv",
"MIW","Eaton Vance Michigan Municipal Bond Fund","12.85","19275835.25","n/a","2002","n/a","n/a","https://www.nasdaq.com/symbol/miw",
"EMI","Eaton Vance Michigan Municipal Income Trust","12.39","24940995.66","n/a","1999","n/a","n/a","https://www.nasdaq.com/symbol/emi",
"EIM","Eaton Vance Municipal Bond Fund","11.82","805748715","n/a","2002","n/a","n/a","https://www.nasdaq.com/symbol/eim",
"EIV","Eaton Vance Municipal Bond Fund II","11.71","117256691.51","n/a","2002","n/a","n/a","https://www.nasdaq.com/symbol/eiv",
"EMJ","Eaton Vance New Jersey Municipal Bond Fund","11.8042","30444991.2972","n/a","2002","n/a","n/a","https://www.nasdaq.com/symbol/emj",
"EVJ","Eaton Vance New Jersey Municipal Income Trust","11.2","51499369.6","n/a","1999","n/a","n/a","https://www.nasdaq.com/symbol/evj",
"ENX","Eaton Vance New York Municipal Bond Fund","11.3","176978114","n/a","2002","n/a","n/a","https://www.nasdaq.com/symbol/enx",
"NYH","Eaton Vance New York Municipal Bond Fund II","11","28121610","n/a","2002","n/a","n/a","https://www.nasdaq.com/symbol/nyh",
"EVY","Eaton Vance New York Municipal Income Trust","12.33","67516009.83","n/a","1999","n/a","n/a","https://www.nasdaq.com/symbol/evy",
"EIO","Eaton Vance Ohio Municipal Bond Fund","11.8142","29983730.748","n/a","2002","n/a","n/a","https://www.nasdaq.com/symbol/eio",
"EVO","Eaton Vance Ohio Municipal Income Trust","12.4266","35504747.1762","n/a","1999","n/a","n/a","https://www.nasdaq.com/symbol/evo",
"EIP","Eaton Vance Pennsylvania Municipal Bond Fund","11.9999","35520183.996","n/a","2002","n/a","n/a","https://www.nasdaq.com/symbol/eip",
"EVP","Eaton Vance Pennsylvania Municipal Income Trust","11.92","31004086.88","n/a","1999","n/a","n/a","https://www.nasdaq.com/symbol/evp",
"ELMD","Electromed, Inc.","5.73","47481123.57","n/a","2011","Health Care","Biotechnology: Electromedical & Electrotherapeutic Apparatus","https://www.nasdaq.com/symbol/elmd",
"ELLO","Ellomay Capital Ltd.","9.24","98658898.8","n/a","n/a","Public Utilities","Electric Utilities: Central","https://www.nasdaq.com/symbol/ello",
"ECF","Ellsworth Growth and Income Fund Ltd.","9.2","118463781.6","n/a","1986","n/a","n/a","https://www.nasdaq.com/symbol/ecf",
"ECF^A","Ellsworth Growth and Income Fund Ltd.","24.3701","0","n/a","n/a","n/a","n/a","https://www.nasdaq.com/symbol/ecf^a",
"EMAN","eMagin Corporation","1.5","67241442","n/a","n/a","Technology","Semiconductors","https://www.nasdaq.com/symbol/eman",
"MSN","Emerson Radio Corporation","1.45","34223482.9","n/a","n/a","Consumer Non-Durables","Consumer Electronics/Appliances","https://www.nasdaq.com/symbol/msn",
"EMX","EMX Royalty Corporation","0.92","73366569.32","n/a","n/a","Basic Industries","Precious Metals","https://www.nasdaq.com/symbol/emx",
"UUUU","Energy Fuels Inc","1.62","120508145.28","n/a","n/a","Basic Industries","Mining & Quarrying of Nonmetallic Minerals (No Fuels)","https://www.nasdaq.com/symbol/uuuu",
"UUUU.WS","Energy Fuels Inc","n/a","0","n/a","n/a","n/a","n/a","https://www.nasdaq.com/symbol/uuuu.ws",
"ENRJ","EnerJex Resources, Inc.","0.1475","2255996.4225","n/a","n/a","Energy","Oil & Gas Production","https://www.nasdaq.com/symbol/enrj",
"ENSV","ENSERVCO Corporation","0.8132","41618518.0268","n/a","n/a","Energy","Oilfield Services/Equipment","https://www.nasdaq.com/symbol/ensv",
"ESNC","EnSync, Inc.","0.3686","20664438.8246","n/a","n/a","Public Utilities","Electric Utilities: Central","https://www.nasdaq.com/symbol/esnc",
"EGI","Entree Resources Ltd.","0.4321","75001140.4612","n/a","2017","Basic Industries","Precious Metals","https://www.nasdaq.com/symbol/egi",
"EVI","EnviroStarm, Inc.","36.7","409358699.6","n/a","n/a","Consumer Services","Other Consumer Services","https://www.nasdaq.com/symbol/evi",
"ERN","Erin Energy Corp.","3.65","784582935.85","n/a","n/a","Energy","Oil & Gas Production","https://www.nasdaq.com/symbol/ern",
"ESP","Espey Mfg. & Electronics Corp.","26.04","61624258.92","n/a","n/a","Capital Goods","Industrial Machinery/Components","https://www.nasdaq.com/symbol/esp",
"EVBN","Evans Bancorp, Inc.","43.85","209934067.5","n/a","n/a","Finance","Major Banks","https://www.nasdaq.com/symbol/evbn",
"EPM","Evolution Petroleum Corporation, Inc.","8.15","270347839.1","n/a","n/a","Energy","Oil & Gas Production","https://www.nasdaq.com/symbol/epm",
"FEN","First Trust Energy Income and Growth Fund","23.25","450984365.25","n/a","2004","n/a","n/a","https://www.nasdaq.com/symbol/fen",
"BDL","Flanigan&#39;s Enterprises, Inc.","21.55","40053842.85","n/a","n/a","Consumer Services","Restaurants","https://www.nasdaq.com/symbol/bdl",
"FSI","Flexible Solutions International Inc.","1.61","18552015.51","n/a","n/a","Basic Industries","Major Chemicals","https://www.nasdaq.com/symbol/fsi",
"FTF","Franklin Limited Duration Income Trust","11.19","252940169.94","n/a","2003","n/a","n/a","https://www.nasdaq.com/symbol/ftf",
"FSP","Franklin Street Properties Corp.","8.35","895380144.25","n/a","n/a","Consumer Services","Real Estate Investment Trusts","https://www.nasdaq.com/symbol/fsp",
"FRD","Friedman Industries Inc.","6.02","42196852.88","n/a","n/a","Capital Goods","Steel/Iron Ore","https://www.nasdaq.com/symbol/frd",
"FTNW","FTE Networks, Inc.","25.25","141331724","n/a","n/a","Public Utilities","Telecommunications Equipment","https://www.nasdaq.com/symbol/ftnw",
"GGN","GAMCO Global Gold, Natural Reources & Income Trust ","4.98","673864073.58","n/a","2005","n/a","n/a","https://www.nasdaq.com/symbol/ggn",
"GGN^B","GAMCO Global Gold, Natural Reources & Income Trust ","23.59","0","n/a","n/a","n/a","n/a","https://www.nasdaq.com/symbol/ggn^b",
"GST","Gastar Exploration Inc.","0.68","148842797.56","n/a","n/a","Energy","Oil & Gas Production","https://www.nasdaq.com/symbol/gst",
"GST^A","Gastar Exploration Inc.","15.11","0","n/a","n/a","n/a","n/a","https://www.nasdaq.com/symbol/gst^a",
"GST^B","Gastar Exploration Inc.","16.76","0","n/a","n/a","n/a","n/a","https://www.nasdaq.com/symbol/gst^b",
"JOB","GEE Group Inc.","2.57","26842537.19","n/a","n/a","Technology","Diversified Commercial Services","https://www.nasdaq.com/symbol/job",
"GMO","General Moly, Inc","0.4267","47435333.1159","n/a","n/a","Basic Industries","Precious Metals","https://www.nasdaq.com/symbol/gmo",
"GSB","GlobalSCAPE, Inc.","3.48","75069971.88","n/a","n/a","Technology","Computer Software: Prepackaged Software","https://www.nasdaq.com/symbol/gsb",
"GSAT","Globalstar, Inc.","0.9511","1200288200","n/a","2006","Consumer Services","Telecommunications Equipment","https://www.nasdaq.com/symbol/gsat",
"GLOW","Glowpoint, Inc.","0.26","11572493.66","n/a","n/a","Public Utilities","Telecommunications Equipment","https://www.nasdaq.com/symbol/glow",
"GORO","Gold Resource Corporation","4.2","238944232.8","n/a","n/a","Basic Industries","Precious Metals","https://www.nasdaq.com/symbol/goro",
"GSV","Gold Standard Ventures Corporation","1.61","405982608.71","n/a","n/a","Basic Industries","Mining & Quarrying of Nonmetallic Minerals (No Fuels)","https://www.nasdaq.com/symbol/gsv",
"AUMN","Golden Minerals Company","0.4205","38656442.6345","n/a","n/a","Basic Industries","Precious Metals","https://www.nasdaq.com/symbol/aumn",
"GSS","Golden Star Resources, Ltd","0.6859","261040559.3425","n/a","n/a","Basic Industries","Precious Metals","https://www.nasdaq.com/symbol/gss",
"GV","Goldfield Corporation (The)","4.9","124711634.6","n/a","n/a","Basic Industries","Water Supply","https://www.nasdaq.com/symbol/gv",
"GDP","Goodrich Petroleum Corporation","10.92","124049966.04","n/a","2017","Energy","Oil & Gas Production","https://www.nasdaq.com/symbol/gdp",
"GTE","Gran Tierra Energy Inc.","2.57","989940977.94","n/a","n/a","Energy","Oil & Gas Production","https://www.nasdaq.com/symbol/gte",
"GPL","Great Panther Silver Limited","1.17","197007276.96","n/a","n/a","Basic Industries","Precious Metals","https://www.nasdaq.com/symbol/gpl",
"SIM","Grupo Simec, S.A. de C.V.","9.66","1602623665.86","n/a","1993","Basic Industries","Steel/Iron Ore","https://www.nasdaq.com/symbol/sim",
"GVP","GSE Systems, Inc.","3.35","64986837.6","n/a","n/a","Technology","Computer Software: Prepackaged Software","https://www.nasdaq.com/symbol/gvp",
"GLF","GulfMark Offshore, Inc.","29.25","829886265","n/a","2017","Energy","Metal Fabrications","https://www.nasdaq.com/symbol/glf",
"GLF.WS","GulfMark Offshore, Inc.","n/a","0","n/a","n/a","n/a","n/a","https://www.nasdaq.com/symbol/glf.ws",
"HEB","Hemispherx BioPharma, Inc.","0.4802","15302219.8294","n/a","n/a","Health Care","Biotechnology: Biological Products (No Diagnostic Substances)","https://www.nasdaq.com/symbol/heb",
"HCAC","Hennessy Capital Acquisition Corp. III","9.86","316321125","n/a","2017","Finance","Business Services","https://www.nasdaq.com/symbol/hcac",
"HCAC.U","Hennessy Capital Acquisition Corp. III","n/a","0","n/a","2017","n/a","n/a","https://www.nasdaq.com/symbol/hcac.u",
"HCAC.WS","Hennessy Capital Acquisition Corp. III","n/a","0","n/a","n/a","n/a","n/a","https://www.nasdaq.com/symbol/hcac.ws",
"HLM^","Hillman Group Capital Trust","34.7797","0","n/a","n/a","n/a","n/a","https://www.nasdaq.com/symbol/hlm^",
"HMG","HMG/Courtland Properties, Inc.","15.3","15336597.6","n/a","n/a","Consumer Services","Real Estate Investment Trusts","https://www.nasdaq.com/symbol/hmg",
"HUSA","Houston American Energy Corporation","0.27","15582770.28","n/a","n/a","Energy","Oil & Gas Production","https://www.nasdaq.com/symbol/husa",
"IBIO","iBio, Inc.","0.23","26523257.3","n/a","n/a","Health Care","Major Pharmaceuticals","https://www.nasdaq.com/symbol/ibio",
"IBO","IBO (Listing Market - NYSE Amex Network B F)","22.01","0","n/a","n/a","n/a","n/a","https://www.nasdaq.com/symbol/ibo",
"IEC","IEC Electronics Corp.","4.2","42921102","n/a","n/a","Technology","Electrical Products","https://www.nasdaq.com/symbol/iec",
"IMUC","ImmunoCellular Therapeutics, Ltd.","0.33","11614463.19","n/a","n/a","Health Care","Major Pharmaceuticals","https://www.nasdaq.com/symbol/imuc",
"IMUC.WS","ImmunoCellular Therapeutics, Ltd.","n/a","0","n/a","n/a","n/a","n/a","https://www.nasdaq.com/symbol/imuc.ws",
"IMH","Impac Mortgage Holdings, Inc.","9.71","203421383.09","n/a","1997","Consumer Services","Real Estate Investment Trusts","https://www.nasdaq.com/symbol/imh",
"IMO","Imperial Oil Limited","27.35","22734477096.45","n/a","n/a","Energy","Integrated oil Companies","https://www.nasdaq.com/symbol/imo",
"IOR","Income Opportunity Realty Investors, Inc.","10.44","43516154.16","n/a","n/a","Consumer Services","Real Estate Investment Trusts","https://www.nasdaq.com/symbol/ior",
"IGC","India Globalization Capital Inc.","0.7074","21421524.2922","n/a","n/a","Consumer Non-Durables","Electronic Components","https://www.nasdaq.com/symbol/igc",
"INFU","InfuSystems Holdings, Inc.","2.25","51256660.5","n/a","n/a","Health Care","Medical/Dental Instruments","https://www.nasdaq.com/symbol/infu",
"IHT","InnSuites Hospitality Trust","1.59","15504058.2","n/a","n/a","Consumer Services","Real Estate Investment Trusts","https://www.nasdaq.com/symbol/iht",
"NSPR","InspireMD Inc.","2.42","4054997.98","n/a","n/a","Health Care","Medical/Dental Instruments","https://www.nasdaq.com/symbol/nspr",
"NSPR.WS","InspireMD Inc.","n/a","0","n/a","n/a","n/a","n/a","https://www.nasdaq.com/symbol/nspr.ws",
"NSPR.WS.B","InspireMD Inc.","n/a","0","n/a","n/a","n/a","n/a","https://www.nasdaq.com/symbol/nspr.ws.b",
"IDN","Intellicheck, Inc.","2.58","38666049.78","n/a","1999","Technology","Computer Software: Prepackaged Software","https://www.nasdaq.com/symbol/idn",
"INS","Intelligent Systems Corporation","4.99","43802160.12","n/a","1992","Technology","Computer Software: Prepackaged Software","https://www.nasdaq.com/symbol/ins",
"THM","International Tower Hill Mines Ltd","0.45","73076848.2","n/a","n/a","Basic Industries","Precious Metals","https://www.nasdaq.com/symbol/thm",
"INTT","inTest Corporation","7.55","78618587.9","n/a","1997","Capital Goods","Electrical Products","https://www.nasdaq.com/symbol/intt",
"INUV","Inuvo, Inc","0.8662","24789413.996","n/a","n/a","Consumer Services","Advertising","https://www.nasdaq.com/symbol/inuv",
"VKI","Invesco Advantage Municipal Income Trust II","10.79","478984835.29","n/a","n/a","n/a","n/a","https://www.nasdaq.com/symbol/vki",
"ISR","IsoRay, Inc.","0.44","24244100.76","n/a","n/a","Health Care","Medical/Dental Instruments","https://www.nasdaq.com/symbol/isr",
"ISDR","Issuer Direct Corporation","17.1","51861324.6","n/a","n/a","Miscellaneous","Publishing","https://www.nasdaq.com/symbol/isdr",
"JRJR","JRjr33, Inc.","0.1256","5631618.0088","n/a","2014","Consumer Services","Other Consumer Services","https://www.nasdaq.com/symbol/jrjr",
"KIQ","Kelso Technologies Inc","0.55","25801463.6","n/a","n/a","Capital Goods","Railroads","https://www.nasdaq.com/symbol/kiq",
"KLDX","Klondex Mines Ltd.","1.46","262237822.62","n/a","n/a","Basic Industries","Precious Metals","https://www.nasdaq.com/symbol/kldx",
"LTS","Ladenburg Thalmann Financial Services Inc","3.4","674535081.4","n/a","n/a","Finance","Investment Bankers/Brokers/Service","https://www.nasdaq.com/symbol/lts",
"LTS^A","Ladenburg Thalmann Financial Services Inc","25.4009","0","n/a","n/a","n/a","n/a","https://www.nasdaq.com/symbol/lts^a",
"LTSL","Ladenburg Thalmann Financial Services Inc","24.8572","0","n/a","2017","Finance","Investment Bankers/Brokers/Service","https://www.nasdaq.com/symbol/ltsl",
"LAQ","Latin America Equity Fund, Inc. (The)","28.34","211090971.78","n/a","1991","n/a","n/a","https://www.nasdaq.com/symbol/laq",
"LEVB","Level Brands, Inc.","3.76","30188769.28","n/a","2017","Consumer Non-Durables","Package Goods/Cosmetics","https://www.nasdaq.com/symbol/levb",
"LGL","LGL Group, Inc. (The)","5.34","23419178.76","n/a","n/a","Capital Goods","Industrial Machinery/Components","https://www.nasdaq.com/symbol/lgl",
"LBY","Libbey, Inc.","6.62","145764959.12","n/a","1993","Capital Goods","Industrial Machinery/Components","https://www.nasdaq.com/symbol/lby",
"LLEX","Lilis Energy, Inc.","3.53","188419976.92","n/a","n/a","Energy","Oil & Gas Production","https://www.nasdaq.com/symbol/llex",
"LIQT","LiqTech International, Inc.","0.342","15126408.288","n/a","n/a","Technology","Industrial Machinery/Components","https://www.nasdaq.com/symbol/liqt",
"MAG","MAG Silver Corporation","10.4","888979416","n/a","n/a","Basic Industries","Precious Metals","https://www.nasdaq.com/symbol/mag",
"MJCO","Majesco","5.39","196969060.75","n/a","2015","Technology","Computer Software: Prepackaged Software","https://www.nasdaq.com/symbol/mjco",
"MHH","Mastech Digital, Inc","11.9","64913928.8","n/a","n/a","Consumer Services","Professional Services","https://www.nasdaq.com/symbol/mhh",
"MTNB","Matinas Biopharma Holdings, Inc.","0.9749","90617048.5904","n/a","2017","Health Care","Major Pharmaceuticals","https://www.nasdaq.com/symbol/mtnb",
"MNI","McClatchy Company (The)","9.1","69934728.5","n/a","1988","Consumer Services","Newspapers/Magazines","https://www.nasdaq.com/symbol/mni",
"IPB","Merrill Lynch & Co., Inc. 6.0518% Index Plus Trust Certificate","26.822","0","n/a","n/a","Finance","Finance: Consumer Services","https://www.nasdaq.com/symbol/ipb",
"MXC","Mexco Energy Corporation","3.35","6824841.1","n/a","n/a","Energy","Oil & Gas Production","https://www.nasdaq.com/symbol/mxc",
"CCA","MFS California Insured Municipal Trust","10.6697","29728718.3675","n/a","1999","n/a","n/a","https://www.nasdaq.com/symbol/cca",
"MICR","Micron Solutions, Inc.","3.5","9916035.5","n/a","n/a","Health Care","Biotechnology: Electromedical & Electrotherapeutic Apparatus","https://www.nasdaq.com/symbol/micr",
"MLSS","Milestone Scientific, Inc.","0.93","30680443.32","n/a","2015","Health Care","Industrial Specialties","https://www.nasdaq.com/symbol/mlss",
"MVF","MuniVest Fund, Inc.","9.1","586928214.6","n/a","n/a","n/a","n/a","https://www.nasdaq.com/symbol/mvf",
"MZA","MuniYield Arizona Fund, Inc.","16.115","74528055.745","n/a","1993","n/a","n/a","https://www.nasdaq.com/symbol/mza",
"MYO","Myomo Inc.","5.23","32958670.27","n/a","2017","Health Care","Industrial Specialties","https://www.nasdaq.com/symbol/myo",
"NNVC","NanoViricides, Inc.","0.92","58303160","n/a","n/a","Health Care","Biotechnology: Commercial Physical & Biological Resarch","https://www.nasdaq.com/symbol/nnvc",
"ATEST","NASDAQ TEST STOCK","9.99","0","n/a","n/a","n/a","n/a","https://www.nasdaq.com/symbol/atest",
"ATEST.A","NASDAQ TEST STOCK","n/a","0","n/a","n/a","n/a","n/a","https://www.nasdaq.com/symbol/atest.a",
"ATEST.B","NASDAQ TEST STOCK","n/a","0","n/a","n/a","n/a","n/a","https://www.nasdaq.com/symbol/atest.b",
"ATEST.C","NASDAQ TEST STOCK","n/a","0","n/a","n/a","n/a","n/a","https://www.nasdaq.com/symbol/atest.c",
"NHC","National HealthCare Corporation","60.04","914078859.92","n/a","n/a","Health Care","Hospital/Nursing Management","https://www.nasdaq.com/symbol/nhc",
"NAVB","Navidea Biopharmaceuticals, Inc.","0.38","61657525.48","n/a","n/a","Health Care","Biotechnology: In Vitro & In Vivo Diagnostic Substances","https://www.nasdaq.com/symbol/navb",
"NTIP","Network-1 Technologies, Inc.","2.55","61534080.6","n/a","n/a","Miscellaneous","Multi-Sector Companies","https://www.nasdaq.com/symbol/ntip",
"NBW","Neuberger Berman California Intermediate Municipal Fund Inc.","13.09","72663165.96","n/a","2002","n/a","n/a","https://www.nasdaq.com/symbol/nbw",
"NHS","Neuberger Berman High Yield Strategies Fund","11.27","220222392.95","n/a","n/a","n/a","n/a","https://www.nasdaq.com/symbol/nhs",
"NBH","Neuberger Berman Intermediate Municipal Fund Inc.","13.99","262993379.31","n/a","2002","n/a","n/a","https://www.nasdaq.com/symbol/nbh",
"NML","Neuberger Berman MLP Income Fund Inc.","8.52","482734066.56","n/a","2013","n/a","n/a","https://www.nasdaq.com/symbol/nml",
"NBO","Neuberger Berman New York Intermediate Municipal Fund Inc.","11.76","59710423.92","n/a","2002","n/a","n/a","https://www.nasdaq.com/symbol/nbo",
"NRO","Neuberger Berman Real Estate Securities Income Fund, Inc.","4.7","222872449","n/a","2003","n/a","n/a","https://www.nasdaq.com/symbol/nro",
"UWN","Nevada Gold & Casinos, Inc.","2.53","42590480.46","n/a","n/a","Consumer Services","Services-Misc. Amusement & Recreation","https://www.nasdaq.com/symbol/uwn",
"NSU","Nevsun Resources Ltd","2.22","671154107.4","n/a","n/a","Basic Industries","Precious Metals","https://www.nasdaq.com/symbol/nsu",
"GBR","New Concept Energy, Inc","1.45","3243555.75","n/a","n/a","Energy","Oil & Gas Production","https://www.nasdaq.com/symbol/gbr",
"NEN","New England Realty Associates Limited Partnership","70.3","262329722.5","n/a","n/a","Consumer Services","Building operators","https://www.nasdaq.com/symbol/nen",
"NGD","New Gold Inc.","2.58","1492880462.04","n/a","n/a","Basic Industries","Precious Metals","https://www.nasdaq.com/symbol/ngd",
"NXE","Nexgen Energy Ltd.","2.08","714111195.2","n/a","n/a","Basic Industries","Precious Metals","https://www.nasdaq.com/symbol/nxe",
"HLTH","Nobilis Health Corp.","1.45","112817270.3","n/a","2015","Health Care","Hospital/Nursing Management","https://www.nasdaq.com/symbol/hlth",
"NAK","Northern Dynasty Minerals, Ltd.","0.957","296094048.69","n/a","n/a","Basic Industries","Precious Metals","https://www.nasdaq.com/symbol/nak",
"NOG","Northern Oil and Gas, Inc.","2.07","136504355.31","n/a","n/a","Energy","Oil & Gas Production","https://www.nasdaq.com/symbol/nog",
"NBY","NovaBay Pharmaceuticals, Inc.","3.05","52108652.2","n/a","2007","Health Care","Major Pharmaceuticals","https://www.nasdaq.com/symbol/nby",
"NG","Novagold Resources Inc.","4.1","1321409044.9","n/a","n/a","Basic Industries","Precious Metals","https://www.nasdaq.com/symbol/ng",
"NTN","NTN Buzztime, Inc.","6.6","16635656.4","n/a","n/a","Consumer Services","Broadcasting","https://www.nasdaq.com/symbol/ntn",
"NES","Nuverra Environmental Solutions, Inc.","22.41","262097947.8","n/a","2017","Energy","Oilfield Services/Equipment","https://www.nasdaq.com/symbol/nes",
"OCX","OncoCyte Corporation","2.95","92709847.65","n/a","2015","Health Care","Biotechnology: In Vitro & In Vivo Diagnostic Substances","https://www.nasdaq.com/symbol/ocx",
"OGEN","Oragenics Inc.","1.94","9560969.9","n/a","n/a","Health Care","Major Pharmaceuticals","https://www.nasdaq.com/symbol/ogen",
"TIS","Orchids Paper Products Company","9.4","98033455.4","n/a","2005","Basic Industries","Paper","https://www.nasdaq.com/symbol/tis",
"ONP","Orient Paper, Inc.","1.25","26812895","n/a","n/a","Consumer Durables","Containers/Packaging","https://www.nasdaq.com/symbol/onp",
"ORM","Owens Realty Mortgage, Inc.","14","140587132","n/a","2013","Consumer Services","Real Estate Investment Trusts","https://www.nasdaq.com/symbol/orm",
"PCG^A","Pacific Gas & Electric Co.","26.132","0","n/a","n/a","n/a","n/a","https://www.nasdaq.com/symbol/pcg^a",
"PCG^B","Pacific Gas & Electric Co.","23.9","0","n/a","n/a","n/a","n/a","https://www.nasdaq.com/symbol/pcg^b",
"PCG^C","Pacific Gas & Electric Co.","22.8525","0","n/a","n/a","n/a","n/a","https://www.nasdaq.com/symbol/pcg^c",
"PCG^D","Pacific Gas & Electric Co.","21.5","0","n/a","n/a","n/a","n/a","https://www.nasdaq.com/symbol/pcg^d",
"PCG^E","Pacific Gas & Electric Co.","21.4428","0","n/a","n/a","n/a","n/a","https://www.nasdaq.com/symbol/pcg^e",
"PCG^G","Pacific Gas & Electric Co.","21.1099","0","n/a","n/a","n/a","n/a","https://www.nasdaq.com/symbol/pcg^g",
"PCG^H","Pacific Gas & Electric Co.","19.87","0","n/a","n/a","n/a","n/a","https://www.nasdaq.com/symbol/pcg^h",
"PCG^I","Pacific Gas & Electric Co.","19.8","0","n/a","n/a","n/a","n/a","https://www.nasdaq.com/symbol/pcg^i",
"PTN","Palatin Technologies, Inc.","0.92","179743379.88","n/a","n/a","Health Care","Major Pharmaceuticals","https://www.nasdaq.com/symbol/ptn",
"PZG","Paramount Gold Nevada Corp.","1.27","29305191.58","n/a","2015","Basic Industries","Precious Metals","https://www.nasdaq.com/symbol/pzg",
"TEUM","Pareteum Corporation","2.67","114609125.22","n/a","n/a","Technology","EDP Services","https://www.nasdaq.com/symbol/teum",
"PRK","Park National Corporation","104.71","1600825851.35","n/a","n/a","Finance","Major Banks","https://www.nasdaq.com/symbol/prk",
"PED","Pedevco Corp.","0.3157","1920948.9453","n/a","n/a","Energy","Oil & Gas Production","https://www.nasdaq.com/symbol/ped",
"PFNX","Pfenex Inc.","4.04","95135051.2","n/a","2014","Health Care","Major Pharmaceuticals","https://www.nasdaq.com/symbol/pfnx",
"HNW","Pioneer Diversified High Income Trust","15.13","126075112.7","n/a","2007","n/a","n/a","https://www.nasdaq.com/symbol/hnw",
"PLG","Platinum Group Metals Ltd.","0.3305","49875756.983","n/a","n/a","Basic Industries","Precious Metals","https://www.nasdaq.com/symbol/plg",
"PLYM","Plymouth Industrial REIT, Inc.","16.7","63675196.2","n/a","2017","Consumer Services","Real Estate Investment Trusts","https://www.nasdaq.com/symbol/plym",
"PLYM^A","Plymouth Industrial REIT, Inc.","24.942","0","n/a","n/a","n/a","n/a","https://www.nasdaq.com/symbol/plym^a",
"PLM","Polymet Mining Corp.","1.18","376984155.64","n/a","n/a","Basic Industries","Precious Metals","https://www.nasdaq.com/symbol/plm",
"PW","Power REIT","6.04","11037127.56","n/a","n/a","Consumer Services","Real Estate Investment Trusts","https://www.nasdaq.com/symbol/pw",
"PW^A","Power REIT","25.8097","0","n/a","n/a","n/a","n/a","https://www.nasdaq.com/symbol/pw^a",
"PLX","Protalix BioTherapeutics, Inc.","0.6594","95988828.327","n/a","n/a","Health Care","Biotechnology: Biological Products (No Diagnostic Substances)","https://www.nasdaq.com/symbol/plx",
"RLGT","Radiant Logistics, Inc.","3.78","186512408.46","n/a","n/a","Transportation","Oil Refining/Marketing","https://www.nasdaq.com/symbol/rlgt",
"RLGT^A","Radiant Logistics, Inc.","25.6399","0","n/a","n/a","n/a","n/a","https://www.nasdaq.com/symbol/rlgt^a",
"UTG","Reaves Utility Income Fund","28","1362094804","n/a","2004","n/a","n/a","https://www.nasdaq.com/symbol/utg",
"REED","Reeds, Inc.","1.5","36929386.5","n/a","n/a","Consumer Non-Durables","Beverages (Production/Distribution)","https://www.nasdaq.com/symbol/reed",
"RHE","Regional Health Properties, Inc.","0.255","5069121.54","n/a","2017","Consumer Services","Real Estate Investment Trusts","https://www.nasdaq.com/symbol/rhe",
"RHE^A","Regional Health Properties, Inc.","7.39","0","n/a","n/a","n/a","n/a","https://www.nasdaq.com/symbol/rhe^a",
"RWC","RELM Wireless Corporation","3.5","48456044","n/a","n/a","Technology","Radio And Television Broadcasting And Communications Equipment","https://www.nasdaq.com/symbol/rwc",
"RCG","RENN Fund, Inc.","1.3199","5891990.0433","n/a","n/a","n/a","n/a","https://www.nasdaq.com/symbol/rcg",
"RVP","Retractable Technologies, Inc.","0.95","31033131.3","n/a","n/a","Health Care","Medical/Dental Instruments","https://www.nasdaq.com/symbol/rvp",
"RNN","Rexahn Pharmaceuticals, Inc.","1.62","51394684.68","n/a","n/a","Health Care","Major Pharmaceuticals","https://www.nasdaq.com/symbol/rnn",
"REI","Ring Energy, Inc.","14.04","847847927.16","n/a","n/a","Energy","Oil & Gas Production","https://www.nasdaq.com/symbol/rei",
"RIF","RMR Real Estate Income Fund","16.41","167414967.69","n/a","n/a","n/a","n/a","https://www.nasdaq.com/symbol/rif",
"SACH","Sachem Capital Corp.","3.35","51642718.95","n/a","2017","Consumer Services","Real Estate Investment Trusts","https://www.nasdaq.com/symbol/sach",
"SGA","Saga Communications, Inc.","38.8","229191716.4","n/a","n/a","Consumer Services","Broadcasting","https://www.nasdaq.com/symbol/sga",
"SNMP","Sanchez Midstream Partners LP","10.7","158126654.4","n/a","n/a","Energy","Oil & Gas Production","https://www.nasdaq.com/symbol/snmp",
"SAND          ","Sandstorm Gold Ltd","4.82","884756385.12","n/a","n/a","Basic Industries","Precious Metals","https://www.nasdaq.com/symbol/sand",
"SEB","Seaboard Corporation","4025.02","4711487161","n/a","1996","Finance","Investment Bankers/Brokers/Service","https://www.nasdaq.com/symbol/seb",
"SENS","Senseonics Holdings, Inc.","3.1","423938819.8","n/a","n/a","Capital Goods","Industrial Machinery/Components","https://www.nasdaq.com/symbol/sens",
"SVT","Servotronics, Inc.","9.45","23729668.2","n/a","n/a","Capital Goods","Industrial Machinery/Components","https://www.nasdaq.com/symbol/svt",
"SMTS","Sierra Metals Inc.","2.27","369584972.01","n/a","n/a","Basic Industries","Precious Metals","https://www.nasdaq.com/symbol/smts",
"SIF","SIFCO Industries, Inc.","5.3","29915394.2","n/a","n/a","Capital Goods","Aerospace","https://www.nasdaq.com/symbol/sif",
"SVM","Silvercorp Metals Inc.","2.56","429225612.8","n/a","n/a","Basic Industries","Precious Metals","https://www.nasdaq.com/symbol/svm",
"SKY","Skyline Corporation","22.13","185698229.72","n/a","n/a","Basic Industries","Homebuilding","https://www.nasdaq.com/symbol/sky",
"XPL","Solitario Zinc Corp.","0.4937","28854477.1942","n/a","n/a","Basic Industries","Precious Metals","https://www.nasdaq.com/symbol/xpl",
"SCE^B","Southern California Edison Company","21.09","0","n/a","n/a","n/a","n/a","https://www.nasdaq.com/symbol/sce^b",
"SCE^C","Southern California Edison Company","21.9899","0","n/a","n/a","n/a","n/a","https://www.nasdaq.com/symbol/sce^c",
"SCE^D","Southern California Edison Company","22.0084","0","n/a","n/a","n/a","n/a","https://www.nasdaq.com/symbol/sce^d",
"SCE^E","Southern California Edison Company","24.0409","0","n/a","n/a","n/a","n/a","https://www.nasdaq.com/symbol/sce^e",
"SGB","Southwest Georgia Financial Corporation","20.85","52990379.25","n/a","n/a","Finance","Major Banks","https://www.nasdaq.com/symbol/sgb",
"LOV","Spark Networks, Inc.","14.87","0","n/a","2017","Consumer Services","Other Consumer Services","https://www.nasdaq.com/symbol/lov",
"SRCI","SRC Energy Inc.","8.93","2159150399.87","n/a","n/a","Energy","Oil & Gas Production","https://www.nasdaq.com/symbol/srci",
"SGY.WS","Stone Energy Corporation","n/a","0","n/a","n/a","n/a","n/a","https://www.nasdaq.com/symbol/sgy.ws",
"SSY","SunLink Health Systems, Inc.","1.5","11125221","n/a","n/a","Health Care","Hospital/Nursing Management","https://www.nasdaq.com/symbol/ssy",
"SDPI","Superior Drilling Products, Inc.","1.54","37442500.48","n/a","2014","Energy","Metal Fabrications","https://www.nasdaq.com/symbol/sdpi",
"SYN","Synthetic Biologics, Inc","0.3181","40897126.4366","n/a","n/a","Health Care","Major Pharmaceuticals","https://www.nasdaq.com/symbol/syn",
"TKAT","Takung Art Co., Ltd.","2.01","22489652.82","n/a","n/a","Consumer Services","Other Specialty Stores","https://www.nasdaq.com/symbol/tkat",
"TRX","Tanzanian Royalty Exploration Corporation","0.34","41563191.2","n/a","n/a","Basic Industries","Precious Metals","https://www.nasdaq.com/symbol/trx",
"TGB","Taseko Mines Limited","1.32","299639648.88","n/a","n/a","Basic Industries","Precious Metals","https://www.nasdaq.com/symbol/tgb",
"TIK","Tel-Instrument Electronics Corp.","2.5","8139717.5","n/a","n/a","Capital Goods","Electrical Products","https://www.nasdaq.com/symbol/tik",
"TGC","Tengasco, Inc.","0.6788","7208804.4112","n/a","n/a","Energy","Oil & Gas Production","https://www.nasdaq.com/symbol/tgc",
"GLU","The Gabelli Global Utility and Income Trust","18.91","77744626.27","n/a","2004","n/a","n/a","https://www.nasdaq.com/symbol/glu",
"GLU^A","The Gabelli Global Utility and Income Trust","50.52","0","n/a","n/a","n/a","n/a","https://www.nasdaq.com/symbol/glu^a",
"GGO","The Gabelli Go Anywhere Trust","17.9499","28903503.3768","n/a","2016","n/a","n/a","https://www.nasdaq.com/symbol/ggo",
"GGO^A","The Gabelli Go Anywhere Trust","42.56","0","n/a","n/a","n/a","n/a","https://www.nasdaq.com/symbol/ggo^a",
"TMP","Tompkins Financial Corporation","79.4","1211857268.4","n/a","n/a","Finance","Major Banks","https://www.nasdaq.com/symbol/tmp",
"TAT","Transatlantic Petroleum Ltd","1.32","66421285.92","n/a","n/a","Energy","Oil & Gas Production","https://www.nasdaq.com/symbol/tat",
"TRXC","TransEnterix, Inc.","1.88","374574061.36","n/a","n/a","Health Care","Medical/Dental Instruments","https://www.nasdaq.com/symbol/trxc",
"TMQ","Trilogy Metals Inc.","1.5","159737449.5","n/a","n/a","Basic Industries","Precious Metals","https://www.nasdaq.com/symbol/tmq",
"TPHS","Trinity Place Holdings Inc.","6.25","196573725","n/a","n/a","Consumer Services","Building operators","https://www.nasdaq.com/symbol/tphs",
"TRT","Trio-Tech International","5.75","20430066.25","n/a","n/a","Technology","Industrial Machinery/Components","https://www.nasdaq.com/symbol/trt",
"HTM","U.S. Geothermal Inc.","5.35","104057414.4","n/a","n/a","Public Utilities","Electric Utilities: Central","https://www.nasdaq.com/symbol/htm",
"UFAB","Unique Fabricating, Inc.","8.01","78158079.63","n/a","2015","Capital Goods","Auto Parts:O.E.M.","https://www.nasdaq.com/symbol/ufab",
"UAMY","United States Antimony Corporation","0.27","18221801.31","n/a","n/a","Capital Goods","Metal Fabrications","https://www.nasdaq.com/symbol/uamy",
"UUU","Universal Security Instruments, Inc.","1.3431","3106438.5297","n/a","n/a","Consumer Non-Durables","Electronic Components","https://www.nasdaq.com/symbol/uuu",
"UQM","UQM Technologies Inc.","1.3","70270820.1","n/a","n/a","Capital Goods","Industrial Machinery/Components","https://www.nasdaq.com/symbol/uqm",
"URG","Ur Energy Inc","0.66","96711075.78","n/a","n/a","Basic Industries","Precious Metals","https://www.nasdaq.com/symbol/urg",
"UEC","Uranium Energy Corp.","1.38","215715162.3","n/a","n/a","Basic Industries","Precious Metals","https://www.nasdaq.com/symbol/uec",
"VII","Vicon Industries, Inc.","0.3953","6938551.8719","n/a","n/a","Consumer Durables","Telecommunications Equipment","https://www.nasdaq.com/symbol/vii",
"VHC","VirnetX Holding Corp","3.95","232402488.35","n/a","n/a","Miscellaneous","Multi-Sector Companies","https://www.nasdaq.com/symbol/vhc",
"VGZ","Vista Gold Corporation","0.7705","76596951.3935","n/a","n/a","Basic Industries","Precious Metals","https://www.nasdaq.com/symbol/vgz",
"VNRX","VolitionRX Limited","2.83","75082144.19","n/a","2015","Health Care","Biotechnology: In Vitro & In Vivo Diagnostic Substances","https://www.nasdaq.com/symbol/vnrx",
"VISI","Volt Information Sciences, Inc.","4","84114916","n/a","n/a","Technology","Professional Services","https://www.nasdaq.com/symbol/visi",
"EAD","Wells Fargo Income Opportunities Fund","8.15","574731920.1","n/a","2003","n/a","n/a","https://www.nasdaq.com/symbol/ead",
"ERC","Wells Fargo Multi-Sector Income Fund","13.07","456661669.88","n/a","2003","n/a","n/a","https://www.nasdaq.com/symbol/erc",
"ERH","Wells Fargo Utilities and High Income Fund","12.15","112316507.55","n/a","2004","n/a","n/a","https://www.nasdaq.com/symbol/erh",
"WRN","Western Copper and Gold Corporation","0.83","82633970.83","n/a","2011","Basic Industries","Precious Metals","https://www.nasdaq.com/symbol/wrn",
"WYY","WidePoint Corporation","0.5138","42661634.5386","n/a","n/a","Technology","EDP Services","https://www.nasdaq.com/symbol/wyy",
"WTT","Wireless Telecom Group,  Inc.","2.1","47860400.7","n/a","n/a","Capital Goods","Electrical Products","https://www.nasdaq.com/symbol/wtt",
"XTNT","Xtant Medical Holdings, Inc.","6.2","81097748.4","n/a","n/a","Health Care","Biotechnology: Biological Products (No Diagnostic Substances)","https://www.nasdaq.com/symbol/xtnt",
"YUMA","Yuma Energy, Inc.","1.11","25154551.38","n/a","n/a","Energy","Oil & Gas Production","https://www.nasdaq.com/symbol/yuma",
"ZDGE","Zedge, Inc.","3.15","31393993.05","n/a","2016","Technology","Computer Software: Prepackaged Software","https://www.nasdaq.com/symbol/zdge",
"ZOM","Zomedica Pharmaceuticals Corp.","2.1","189944724.9","n/a","2017","Health Care","Major Pharmaceuticals","https://www.nasdaq.com/symbol/zom",
